{"cameraMode":{"drawMode":0,"name":"Shaded","section":"Shading Mode"},"sceneLighting":false,"audioPlay":false,"sceneViewState":{"m_AlwaysRefresh":false,"showFog":true,"showSkybox":false,"showFlares":true,"showImageEffects":true,"showParticleSystems":true,"showVisualEffectGraphs":true,"m_FxEnabled":true},"in2DMode":false,"pivot":{"x":3.069999933242798,"y":1.4299999475479127,"z":17.010000228881837},"rotation":{"x":0.2954734265804291,"y":0.02065039984881878,"z":-0.006365271285176277,"w":0.955173671245575},"size":0.3464106619358063,"orthographic":false}