{"cameraMode":{"drawMode":0,"name":"Shaded","section":"Shading Mode"},"sceneLighting":true,"audioPlay":false,"sceneViewState":{"m_AlwaysRefresh":false,"showFog":true,"showSkybox":true,"showFlares":true,"showImageEffects":true,"showParticleSystems":true,"showVisualEffectGraphs":true,"m_FxEnabled":true},"in2DMode":false,"pivot":{"x":-0.8350715637207031,"y":25.9256649017334,"z":13.757518768310547},"rotation":{"x":0.01043054461479187,"y":0.11583751440048218,"z":-0.0012109793024137617,"w":0.9932286143302918},"size":36.7325325012207,"orthographic":false}