{"cameraMode":{"drawMode":0,"name":"Shaded","section":"Shading Mode"},"sceneLighting":true,"audioPlay":false,"sceneViewState":{"m_AlwaysRefresh":false,"showFog":true,"showSkybox":true,"showFlares":true,"showImageEffects":true,"showParticleSystems":true,"showVisualEffectGraphs":true,"m_FxEnabled":true},"in2DMode":false,"pivot":{"x":3.5023396015167238,"y":11.865968704223633,"z":20.251554489135743},"rotation":{"x":0.14944589138031007,"y":0.008022290654480458,"z":-0.0011888695880770684,"w":0.9888021349906921},"size":11.62526798248291,"orthographic":false}