{"cameraMode":{"drawMode":0,"name":"Shaded","section":"Shading Mode"},"sceneLighting":true,"audioPlay":false,"sceneViewState":{"m_AlwaysRefresh":false,"showFog":true,"showSkybox":true,"showFlares":true,"showImageEffects":true,"showParticleSystems":true,"showVisualEffectGraphs":true,"m_FxEnabled":true},"in2DMode":false,"pivot":{"x":9.457598686218262,"y":3.5459771156311037,"z":2.717525005340576},"rotation":{"x":0.03157125413417816,"y":-0.2910659611225128,"z":0.009585291147232056,"w":0.9561576843261719},"size":-1.314586877822876,"orthographic":false}