{"cameraMode":{"drawMode":0,"name":"Shaded","section":"Shading Mode"},"sceneLighting":true,"audioPlay":false,"sceneViewState":{"m_AlwaysRefresh":false,"showFog":true,"showSkybox":true,"showFlares":true,"showImageEffects":true,"showParticleSystems":true,"showVisualEffectGraphs":true,"m_FxEnabled":true},"in2DMode":false,"pivot":{"x":-0.3589136600494385,"y":7.543454170227051,"z":29.620716094970704},"rotation":{"x":0.17547547817230225,"y":-0.010336875915527344,"z":0.0018424976151436568,"w":0.9844276905059815},"size":35.61396789550781,"orthographic":false}