{"cameraMode":{"drawMode":0,"name":"Shaded","section":"Shading Mode"},"sceneLighting":true,"audioPlay":false,"sceneViewState":{"m_AlwaysRefresh":false,"showFog":true,"showSkybox":true,"showFlares":true,"showImageEffects":true,"showParticleSystems":true,"showVisualEffectGraphs":true,"m_FxEnabled":true},"in2DMode":false,"pivot":{"x":7.407746315002441,"y":6.702390670776367,"z":6.060773849487305},"rotation":{"x":-0.052496567368507388,"y":0.20701061189174653,"z":0.011155023239552975,"w":0.9769176244735718},"size":9.764182090759278,"orthographic":false}