{"cameraMode":{"drawMode":0,"name":"Shaded","section":"Shading Mode"},"sceneLighting":true,"audioPlay":false,"sceneViewState":{"m_AlwaysRefresh":false,"showFog":true,"showSkybox":true,"showFlares":true,"showImageEffects":true,"showParticleSystems":true,"showVisualEffectGraphs":true,"m_FxEnabled":true},"in2DMode":false,"pivot":{"x":-0.3170396089553833,"y":-1.034113883972168,"z":13.133447647094727},"rotation":{"x":0.30834144353866579,"y":0.020566411316394807,"z":-0.006631291471421719,"w":0.9510985016822815},"size":8.484217643737793,"orthographic":false}