{"cameraMode":{"drawMode":0,"name":"Shaded","section":"Shading Mode"},"sceneLighting":true,"audioPlay":false,"sceneViewState":{"m_AlwaysRefresh":false,"showFog":true,"showSkybox":true,"showFlares":true,"showImageEffects":true,"showParticleSystems":true,"showVisualEffectGraphs":true,"m_FxEnabled":true},"in2DMode":false,"pivot":{"x":16.60056495666504,"y":17.704364776611329,"z":88.93827819824219},"rotation":{"x":-0.05798463150858879,"y":0.1275363564491272,"z":0.007494029588997364,"w":0.9901392459869385},"size":48.783409118652347,"orthographic":false}