{"cameraMode":{"drawMode":0,"name":"Shaded","section":"Shading Mode"},"sceneLighting":true,"audioPlay":false,"sceneViewState":{"m_AlwaysRefresh":false,"showFog":true,"showSkybox":true,"showFlares":true,"showImageEffects":true,"showParticleSystems":true,"showVisualEffectGraphs":true,"m_FxEnabled":true},"in2DMode":false,"pivot":{"x":2.8256707191467287,"y":4.586253643035889,"z":16.72026252746582},"rotation":{"x":-0.024443693459033967,"y":0.10876691341400147,"z":0.0027589898090809585,"w":0.9938409328460693},"size":10.972858428955079,"orthographic":false}