{"cameraMode":{"drawMode":0,"name":"Shaded","section":"Shading Mode"},"sceneLighting":true,"audioPlay":false,"sceneViewState":{"m_AlwaysRefresh":false,"showFog":true,"showSkybox":true,"showFlares":true,"showImageEffects":true,"showParticleSystems":true,"showVisualEffectGraphs":true,"m_FxEnabled":true},"in2DMode":false,"pivot":{"x":10.082276344299317,"y":8.517097473144532,"z":29.47540283203125},"rotation":{"x":0.2798919081687927,"y":-0.27929002046585085,"z":0.08547743409872055,"w":0.9145236611366272},"size":18.087778091430665,"orthographic":false}