{"cameraMode":{"drawMode":0,"name":"Shaded","section":"Shading Mode"},"sceneLighting":true,"audioPlay":false,"sceneViewState":{"m_AlwaysRefresh":false,"showFog":true,"showSkybox":true,"showFlares":true,"showImageEffects":true,"showParticleSystems":true,"showVisualEffectGraphs":true,"m_FxEnabled":true},"in2DMode":false,"pivot":{"x":1.5348634719848633,"y":4.123514175415039,"z":12.18667984008789},"rotation":{"x":0.23957185447216035,"y":0.26867246627807619,"z":-0.06916842609643936,"w":0.9304512739181519},"size":17.29802894592285,"orthographic":false}