{"cameraMode":{"drawMode":0,"name":"Shaded","section":"Shading Mode"},"sceneLighting":true,"audioPlay":false,"sceneViewState":{"m_AlwaysRefresh":false,"showFog":true,"showSkybox":true,"showFlares":true,"showImageEffects":true,"showParticleSystems":true,"showVisualEffectGraphs":true,"m_FxEnabled":true},"in2DMode":false,"pivot":{"x":-7.25087308883667,"y":5.984738826751709,"z":-93.60747528076172},"rotation":{"x":-0.02730611525475979,"y":-0.006910366006195545,"z":0.00013346436026040465,"w":-0.9996736645698547},"size":0.43817096948623659,"orthographic":false}